,unique_id,ds,ARIMA,SARIMA,y
0,1020,2023-11-01,0.006415,0.006415,0.005994
1,1020,2023-12-01,0.006415,0.006415,0.004627
2,1020,2024-01-01,0.006415,0.006415,0.004841
3,1020,2024-02-01,0.006415,0.006415,0.005785
4,1020,2024-03-01,0.006415,0.006415,0.007369
5,1020,2024-04-01,0.006415,0.006415,0.009611
6,1020,2024-05-01,0.006415,0.006415,0.009899
7,1020,2024-06-01,0.006415,0.006415,0.008483
8,1020,2024-07-01,0.006415,0.006415,0.008409
9,1020,2024-08-01,0.006415,0.006415,0.007796
10,1020,2024-09-01,0.006415,0.006415,0.007051
11,1020,2024-10-01,0.006415,0.006415,0.005944
12,1020,2024-11-01,0.006415,0.006415,0.005832
13,1020,2024-12-01,0.006415,0.006415,0.006259
14,1020,2025-01-01,0.006415,0.006415,0.006531
15,1020,2025-02-01,0.006415,0.006415,0.006846
16,1020,2025-03-01,0.006415,0.006415,0.00614
17,1020,2025-04-01,0.006415,0.006415,0.007553
18,1020,2025-05-01,0.006415,0.006415,0.006423
19,1020,2025-06-01,0.006415,0.006415,0.006509475999999999
20,1020,2025-07-01,0.006415,0.006415,0.008960466
21,1020,2025-08-01,0.006415,0.006415,0.00777883
22,1020,2025-09-01,0.006415,0.006415,0.007804596
23,1020,2025-10-01,0.006415,0.006415,0.007308892
24,11111,2023-11-01,1.233874,1.2315322324046114,1.331289
25,11111,2023-12-01,1.233874,1.1180549348913338,1.476859
26,11111,2024-01-01,1.233874,1.2316712409957917,1.348819
27,11111,2024-02-01,1.233874,1.2659877954789847,1.5763520000000002
28,11111,2024-03-01,1.233874,0.9084508118926864,1.3283960000000001
29,11111,2024-04-01,1.233874,1.06050033263069,1.172242
30,11111,2024-05-01,1.233874,1.0150319182329959,1.174834
31,11111,2024-06-01,1.233874,1.0729113760517193,1.107641
32,11111,2024-07-01,1.233874,0.92357643885751,1.036721
33,11111,2024-08-01,1.233874,0.9951095394789357,1.148793
34,11111,2024-09-01,1.233874,1.2065690121670518,1.3139450000000001
35,11111,2024-10-01,1.233874,1.238195196069928,1.263752
36,11111,2024-11-01,1.233874,1.2349192620190856,1.249514
37,11111,2024-12-01,1.233874,1.1207097483790072,1.414099
38,11111,2025-01-01,1.233874,1.2337521305824115,1.414261
39,11111,2025-02-01,1.233874,1.2676188334000318,1.663013
40,11111,2025-03-01,1.233874,0.9097292481523512,1.267449
41,11111,2025-04-01,1.233874,1.0615023934956984,12.768367000000001
42,11111,2025-05-01,1.233874,1.0158173511942328,1.100668
43,11111,2025-06-01,1.233874,1.0735270122452276,2.007228
44,11111,2025-07-01,1.233874,0.9240589853528347,1.042211
45,11111,2025-08-01,1.233874,0.9954877679239257,1.1754419999999999
46,11111,2025-09-01,1.233874,1.2068654742862166,1.319431
47,11111,2025-10-01,1.233874,1.2384275683022756,1.3325960000000001
48,11112,2023-11-01,0.49801676079886154,0.49801676079886154,0.368828
49,11112,2023-12-01,0.46948907535352485,0.46948907535352485,0.524866
50,11112,2024-01-01,0.4522426416945117,0.4522426416945117,0.309649
51,11112,2024-02-01,0.4418162972746436,0.4418162972746436,0.532388
52,11112,2024-03-01,0.43551304292588705,0.43551304292588705,0.641387
53,11112,2024-04-01,0.43170240577588,0.43170240577588,0.503169
54,11112,2024-05-01,0.4293986822252226,0.4293986822252226,0.578476
55,11112,2024-06-01,0.4280059644226778,0.4280059644226778,0.545494
56,11112,2024-07-01,0.42716399582927966,0.42716399582927966,0.519218
57,11112,2024-08-01,0.4266549830838595,0.4266549830838595,0.640361
58,11112,2024-09-01,0.4263472590463696,0.4263472590463696,0.591408
59,11112,2024-10-01,0.42616122424841785,0.42616122424841785,0.5067429999999999
60,11112,2024-11-01,0.42604875677161225,0.42604875677161225,0.421576
61,11112,2024-12-01,0.42598076447405125,0.42598076447405125,0.5371090000000001
62,11112,2025-01-01,0.42593965967950154,0.42593965967950154,0.489661
63,11112,2025-02-01,0.4259148097450886,0.4259148097450886,0.436215
64,11112,2025-03-01,0.4258997866985781,0.4258997866985781,0.305722
65,11112,2025-04-01,0.4258907045045285,0.4258907045045285,1.39484
66,11112,2025-05-01,0.4258852138572955,0.4258852138572955,0.398765
67,11112,2025-06-01,0.42588189448238756,0.42588189448238756,0.36596999999999996
68,11112,2025-07-01,0.42587988775179425,0.42587988775179425,0.522602
69,11112,2025-08-01,0.42587867458130707,0.42587867458130707,0.64024
70,11112,2025-09-01,0.42587794115817806,0.42587794115817806,0.722235
71,11112,2025-10-01,0.4258774977666746,0.4258774977666746,0.555282
72,11113,2023-11-01,0.28113441906905107,0.28113441906905107,0.36680199999999996
73,11113,2023-12-01,0.2650604243848708,0.2650604243848708,0.305512
74,11113,2024-01-01,0.2650604243848708,0.2650604243848708,0.21426800000000001
75,11113,2024-02-01,0.2650604243848708,0.2650604243848708,0.298356
76,11113,2024-03-01,0.2650604243848708,0.2650604243848708,0.34327399999999997
77,11113,2024-04-01,0.2650604243848708,0.2650604243848708,0.284349
78,11113,2024-05-01,0.2650604243848708,0.2650604243848708,0.27430699999999997
79,11113,2024-06-01,0.2650604243848708,0.2650604243848708,0.328468
80,11113,2024-07-01,0.2650604243848708,0.2650604243848708,0.313736
81,11113,2024-08-01,0.2650604243848708,0.2650604243848708,0.355408
82,11113,2024-09-01,0.2650604243848708,0.2650604243848708,0.36188
83,11113,2024-10-01,0.2650604243848708,0.2650604243848708,0.279702
84,11113,2024-11-01,0.2650604243848708,0.2650604243848708,0.29263500000000003
85,11113,2024-12-01,0.2650604243848708,0.2650604243848708,0.2579
86,11113,2025-01-01,0.2650604243848708,0.2650604243848708,0.15010600000000002
87,11113,2025-02-01,0.2650604243848708,0.2650604243848708,0.216911
88,11113,2025-03-01,0.2650604243848708,0.2650604243848708,0.190973
89,11113,2025-04-01,0.2650604243848708,0.2650604243848708,0.220444
90,11113,2025-05-01,0.2650604243848708,0.2650604243848708,0.235115
91,11113,2025-06-01,0.2650604243848708,0.2650604243848708,0.318233
92,11113,2025-07-01,0.2650604243848708,0.2650604243848708,0.295555
93,11113,2025-08-01,0.2650604243848708,0.2650604243848708,0.27831
94,11113,2025-09-01,0.2650604243848708,0.2650604243848708,0.31910900000000003
95,11113,2025-10-01,0.2650604243848708,0.2650604243848708,0.338052
96,11114,2023-11-01,1.5843357543726124,1.04752,0.881296
97,11114,2023-12-01,1.3281052269458016,0.8378290000000002,1.254608
98,11114,2024-01-01,1.1809336967848711,0.9512930000000003,0.927858
99,11114,2024-02-01,1.2084114312926233,1.1606199999999998,1.3758460000000001
100,11114,2024-03-01,1.2032811870609237,1.146153,1.380931
101,11114,2024-04-01,1.2042390318886864,0.9986060000000001,0.771159
102,11114,2024-05-01,1.204060196988702,0.6345320000000001,0.468656
103,11114,2024-06-01,1.2040935864485869,0.9918800000000001,0.736084
104,11114,2024-07-01,1.2040873524526974,0.9918829999999997,0.7536489999999999
105,11114,2024-08-01,1.2040885163740331,1.1392039999999997,1.0269110000000001
106,11114,2024-09-01,1.204088299063515,1.310309,1.522507
107,11114,2024-10-01,1.2040883396365847,1.6661730000000003,1.4534230000000001
108,11114,2024-11-01,1.2040883320613693,1.063612,1.2191049999999999
109,11114,2024-12-01,1.2040883334757038,0.8539210000000002,1.476329
110,11114,2025-01-01,1.2040883332116397,0.9673850000000003,0.933297
111,11114,2025-02-01,1.2040883332609418,1.1767119999999998,0.9144399999999999
112,11114,2025-03-01,1.204088333251737,1.162245,0.9644079999999999
113,11114,2025-04-01,1.2040883332534555,1.014698,1.180595
114,11114,2025-05-01,1.2040883332531347,0.6506240000000001,0.44287
115,11114,2025-06-01,1.2040883332531944,1.007972,0.822304
116,11114,2025-07-01,1.2040883332531833,1.0079749999999996,0.812607
117,11114,2025-08-01,1.2040883332531853,1.1552959999999994,1.094942
118,11114,2025-09-01,1.204088333253185,1.3264009999999997,1.4691859999999999
119,11114,2025-10-01,1.204088333253185,1.6822650000000001,1.426388
120,11115,2023-11-01,2.2599309192841974,2.2599309192841974,2.222977
121,11115,2023-12-01,2.1127745387850685,2.1127745387850685,2.574379
122,11115,2024-01-01,2.1127745387850685,2.1127745387850685,2.0000009999999997
123,11115,2024-02-01,2.1127745387850685,2.1127745387850685,3.02993
124,11115,2024-03-01,2.1127745387850685,2.1127745387850685,2.920471
125,11115,2024-04-01,2.1127745387850685,2.1127745387850685,1.964626
126,11115,2024-05-01,2.1127745387850685,2.1127745387850685,2.871204
127,11115,2024-06-01,2.1127745387850685,2.1127745387850685,2.456561
128,11115,2024-07-01,2.1127745387850685,2.1127745387850685,2.315333
129,11115,2024-08-01,2.1127745387850685,2.1127745387850685,2.543586
130,11115,2024-09-01,2.1127745387850685,2.1127745387850685,2.82706
131,11115,2024-10-01,2.1127745387850685,2.1127745387850685,2.8463469999999997
132,11115,2024-11-01,2.1127745387850685,2.1127745387850685,2.187001
133,11115,2024-12-01,2.1127745387850685,2.1127745387850685,3.082228
134,11115,2025-01-01,2.1127745387850685,2.1127745387850685,1.671914
135,11115,2025-02-01,2.1127745387850685,2.1127745387850685,2.757005
136,11115,2025-03-01,2.1127745387850685,2.1127745387850685,2.706238
137,11115,2025-04-01,2.1127745387850685,2.1127745387850685,2.768256
138,11115,2025-05-01,2.1127745387850685,2.1127745387850685,2.4230650000000002
139,11115,2025-06-01,2.1127745387850685,2.1127745387850685,2.456542
140,11115,2025-07-01,2.1127745387850685,2.1127745387850685,2.343965
141,11115,2025-08-01,2.1127745387850685,2.1127745387850685,2.234252
142,11115,2025-09-01,2.1127745387850685,2.1127745387850685,2.866047
143,11115,2025-10-01,2.1127745387850685,2.1127745387850685,2.435899
144,11116,2023-11-01,1.0097390909090906,1.0097390909090906,1.0958970000000001
145,11116,2023-12-01,1.0097390909090906,1.0097390909090906,1.074997
146,11116,2024-01-01,1.0097390909090906,1.0097390909090906,0.785368
147,11116,2024-02-01,1.0097390909090906,1.0097390909090906,1.005681
148,11116,2024-03-01,1.0097390909090906,1.0097390909090906,1.124101
149,11116,2024-04-01,1.0097390909090906,1.0097390909090906,1.198161
150,11116,2024-05-01,1.0097390909090906,1.0097390909090906,1.287035
151,11116,2024-06-01,1.0097390909090906,1.0097390909090906,1.262046
152,11116,2024-07-01,1.0097390909090906,1.0097390909090906,1.191568
153,11116,2024-08-01,1.0097390909090906,1.0097390909090906,1.2599609999999999
154,11116,2024-09-01,1.0097390909090906,1.0097390909090906,1.321336
155,11116,2024-10-01,1.0097390909090906,1.0097390909090906,1.3764210000000001
156,11116,2024-11-01,1.0097390909090906,1.0097390909090906,1.353848
157,11116,2024-12-01,1.0097390909090906,1.0097390909090906,1.400134
158,11116,2025-01-01,1.0097390909090906,1.0097390909090906,0.935982
159,11116,2025-02-01,1.0097390909090906,1.0097390909090906,1.036745
160,11116,2025-03-01,1.0097390909090906,1.0097390909090906,0.906718
161,11116,2025-04-01,1.0097390909090906,1.0097390909090906,1.951469
162,11116,2025-05-01,1.0097390909090906,1.0097390909090906,1.034431
163,11116,2025-06-01,1.0097390909090906,1.0097390909090906,1.130968
164,11116,2025-07-01,1.0097390909090906,1.0097390909090906,1.108671
165,11116,2025-08-01,1.0097390909090906,1.0097390909090906,1.181877
166,11116,2025-09-01,1.0097390909090906,1.0097390909090906,1.29532
167,11116,2025-10-01,1.0097390909090906,1.0097390909090906,1.169719
168,11117,2023-11-01,0.042824090909090895,0.039020000000000006,0.043858
169,11117,2023-12-01,0.042824090909090895,0.04305,0.037934
170,11117,2024-01-01,0.042824090909090895,0.016595,0.027000000000000003
171,11117,2024-02-01,0.042824090909090895,0.034599,0.044427999999999995
172,11117,2024-03-01,0.042824090909090895,0.037028,0.046667
173,11117,2024-04-01,0.042824090909090895,0.057370000000000004,0.048095
174,11117,2024-05-01,0.042824090909090895,0.037372,0.049951
175,11117,2024-06-01,0.042824090909090895,0.048701,0.04598
176,11117,2024-07-01,0.042824090909090895,0.044946,0.041928
177,11117,2024-08-01,0.042824090909090895,0.045561,0.041741
178,11117,2024-09-01,0.042824090909090895,0.042232,0.047356
179,11117,2024-10-01,0.042824090909090895,0.041867,0.036842
180,11117,2024-11-01,0.042824090909090895,0.039020000000000006,0.044925
181,11117,2024-12-01,0.042824090909090895,0.04305,0.044005999999999997
182,11117,2025-01-01,0.042824090909090895,0.016595,0.032569
183,11117,2025-02-01,0.042824090909090895,0.034599,0.038086
184,11117,2025-03-01,0.042824090909090895,0.037028,0.020289
185,11117,2025-04-01,0.042824090909090895,0.057370000000000004,0.025434
186,11117,2025-05-01,0.042824090909090895,0.037372,0.027314
187,11117,2025-06-01,0.042824090909090895,0.048701,0.034719
188,11117,2025-07-01,0.042824090909090895,0.044946,0.029817
189,11117,2025-08-01,0.042824090909090895,0.045561,0.034767
190,11117,2025-09-01,0.042824090909090895,0.042232,0.027241
191,11117,2025-10-01,0.042824090909090895,0.041867,0.030467
192,11118,2023-11-01,0.8748799339648912,0.9631961904761905,1.005518
193,11118,2023-12-01,0.8550673989813855,0.6781291904761906,0.955648
194,11118,2024-01-01,0.8454478355043548,0.7930721904761905,0.762309
195,11118,2024-02-01,0.8407772569254065,1.1018341904761906,1.022498
196,11118,2024-03-01,0.8385095548291298,0.7145091904761903,1.011098
197,11118,2024-04-01,0.837408519334162,1.0490661904761904,0.702359
198,11118,2024-05-01,0.836873934494659,0.2773031904761905,0.458052
199,11118,2024-06-01,0.836614377966343,0.23391619047619056,0.370228
200,11118,2024-07-01,0.836488355703059,0.20547419047619053,0.406811
201,11118,2024-08-01,0.8364271682193681,0.3760551904761905,0.554916
202,11118,2024-09-01,0.8363974599117813,0.7051931904761903,0.762747
203,11118,2024-10-01,0.8363830356621401,0.8211411904761905,0.793749
204,11118,2024-11-01,0.8363760322683217,0.868651380952381,1.096489
205,11118,2024-12-01,0.8363726319164007,0.5835843809523811,1.033782
206,11118,2025-01-01,0.8363709809463872,0.698527380952381,1.199441
207,11118,2025-02-01,0.8363701793523026,1.0072893809523813,1.099115
208,11118,2025-03-01,0.8363697901549997,0.6199643809523809,0.778726
209,11118,2025-04-01,0.83636960118836,0.9545213809523809,0.429645
210,11118,2025-05-01,0.836369509439546,0.18275838095238106,0.316992
211,11118,2025-06-01,0.8363694648928214,0.1393713809523811,0.42447599999999996
212,11118,2025-07-01,0.8363694432640876,0.11092938095238103,0.398262
213,11118,2025-08-01,0.8363694327627067,0.28151038095238107,0.561539
214,11118,2025-09-01,0.83636942766398,0.6106483809523808,0.776114
215,11118,2025-10-01,0.8363694251883995,0.726596380952381,0.811569
216,11121,2023-11-01,1.2434180000000001,0.8955910000000005,1.505213
217,11121,2023-12-01,1.2434180000000001,0.7220970000000007,1.222033
218,11121,2024-01-01,1.2434180000000001,0.7564550000000001,1.251256
219,11121,2024-02-01,1.2434180000000001,0.7579760000000004,1.258209
220,11121,2024-03-01,1.2434180000000001,0.6630840000000002,1.385809
221,11121,2024-04-01,1.2434180000000001,0.6340930000000002,1.328149
222,11121,2024-05-01,1.2434180000000001,0.5396100000000004,1.2136
223,11121,2024-06-01,1.2434180000000001,0.4001330000000003,1.075079
224,11121,2024-07-01,1.2434180000000001,0.3505540000000005,0.895764
225,11121,2024-08-01,1.2434180000000001,0.47408300000000025,0.95969
226,11121,2024-09-01,1.2434180000000001,0.6631340000000003,1.273234
227,11121,2024-10-01,1.2434180000000001,0.9268180000000004,1.408499
228,11121,2024-11-01,1.2434180000000001,0.5789910000000007,1.292602
229,11121,2024-12-01,1.2434180000000001,0.4054970000000009,1.366087
230,11121,2025-01-01,1.2434180000000001,0.43985500000000033,1.3294219999999999
231,11121,2025-02-01,1.2434180000000001,0.44137600000000066,1.426199
232,11121,2025-03-01,1.2434180000000001,0.34648400000000046,1.304954
233,11121,2025-04-01,1.2434180000000001,0.31749300000000047,8.448026
234,11121,2025-05-01,1.2434180000000001,0.2230100000000006,1.078291
235,11121,2025-06-01,1.2434180000000001,0.08353300000000052,0.989615
236,11121,2025-07-01,1.2434180000000001,0.033954000000000706,0.79523
237,11121,2025-08-01,1.2434180000000001,0.15748300000000048,0.909939
238,11121,2025-09-01,1.2434180000000001,0.34653400000000056,1.259067
239,11121,2025-10-01,1.2434180000000001,0.6102180000000006,1.351113
240,11122,2023-11-01,1.355877,1.378997027853211,1.589077
241,11122,2023-12-01,1.355877,1.3490860278532109,1.50831
242,11122,2024-01-01,1.355877,1.3929460278532109,1.785524
243,11122,2024-02-01,1.355877,1.6260570278532107,1.838072
244,11122,2024-03-01,1.355877,1.30395702785321,1.665237
245,11122,2024-04-01,1.355877,1.0856820278532102,1.648616
246,11122,2024-05-01,1.355877,0.776250027853211,1.464327
247,11122,2024-06-01,1.355877,0.9553510278532105,1.489977
248,11122,2024-07-01,1.355877,1.0436630278532104,1.285466
249,11122,2024-08-01,1.355877,1.0019880278532107,1.379045
250,11122,2024-09-01,1.355877,0.9802810278532106,1.494759
251,11122,2024-10-01,1.355877,1.0833410278532105,1.390565
252,11122,2024-11-01,1.355877,1.1064610557064218,1.856038
253,11122,2024-12-01,1.355877,1.0765500557064216,1.67275
254,11122,2025-01-01,1.355877,1.1204100557064216,1.882504
255,11122,2025-02-01,1.355877,1.3535210557064214,2.025081
256,11122,2025-03-01,1.355877,1.0314210557064207,1.553057
257,11122,2025-04-01,1.355877,0.813146055706421,12.826021
258,11122,2025-05-01,1.355877,0.5037140557064217,1.252447
259,11122,2025-06-01,1.355877,0.6828150557064212,1.442909
260,11122,2025-07-01,1.355877,0.7711270557064211,1.229492
261,11122,2025-08-01,1.355877,0.7294520557064215,1.322985
262,11122,2025-09-01,1.355877,0.7077450557064213,1.33579
263,11122,2025-10-01,1.355877,0.8108050557064213,1.310169
264,11123,2023-11-01,0.8652093004746573,0.8089211428571428,1.0819
265,11123,2023-12-01,0.8652093004746573,0.7087061428571431,0.996137
266,11123,2024-01-01,0.8652093004746573,0.6536521428571429,1.1344210000000001
267,11123,2024-02-01,0.8652093004746573,0.8288771428571429,1.342944
268,11123,2024-03-01,0.8652093004746573,1.0127541428571427,0.954382
269,11123,2024-04-01,0.8652093004746573,0.573258142857143,0.899574
270,11123,2024-05-01,0.8652093004746573,0.4896711428571429,0.874252
271,11123,2024-06-01,0.8652093004746573,0.679847142857143,0.9176
272,11123,2024-07-01,0.8652093004746573,0.7440771428571429,0.970988
273,11123,2024-08-01,0.8652093004746573,0.8299621428571429,0.962993
274,11123,2024-09-01,0.8652093004746573,0.758741142857143,0.947919
275,11123,2024-10-01,0.8652093004746573,0.8171871428571431,0.9286570000000001
276,11123,2024-11-01,0.8652093004746573,0.7063642857142858,1.018502
277,11123,2024-12-01,0.8652093004746573,0.6061492857142858,1.113072
278,11123,2025-01-01,0.8652093004746573,0.5510952857142858,0.948227
279,11123,2025-02-01,0.8652093004746573,0.7263202857142859,1.143517
280,11123,2025-03-01,0.8652093004746573,0.9101972857142857,0.817616
281,11123,2025-04-01,0.8652093004746573,0.47070128571428593,3.315691
282,11123,2025-05-01,0.8652093004746573,0.3871142857142858,0.87034
283,11123,2025-06-01,0.8652093004746573,0.5772902857142859,0.983058
284,11123,2025-07-01,0.8652093004746573,0.6415202857142858,0.9046109999999999
285,11123,2025-08-01,0.8652093004746573,0.7274052857142859,0.956478
286,11123,2025-09-01,0.8652093004746573,0.6561842857142859,1.030889
287,11123,2025-10-01,0.8652093004746573,0.7146302857142859,0.967954
288,11124,2023-11-01,0.502346,0.502346,0.488964
289,11124,2023-12-01,0.502346,0.502346,0.519253
290,11124,2024-01-01,0.502346,0.502346,0.46442
291,11124,2024-02-01,0.502346,0.502346,0.543868
292,11124,2024-03-01,0.502346,0.502346,0.504063
293,11124,2024-04-01,0.502346,0.502346,0.40068
294,11124,2024-05-01,0.502346,0.502346,0.460414
295,11124,2024-06-01,0.502346,0.502346,0.447156
296,11124,2024-07-01,0.502346,0.502346,0.434776
297,11124,2024-08-01,0.502346,0.502346,0.47064100000000003
298,11124,2024-09-01,0.502346,0.502346,0.48049000000000003
299,11124,2024-10-01,0.502346,0.502346,0.570677
300,11124,2024-11-01,0.502346,0.502346,0.547354
301,11124,2024-12-01,0.502346,0.502346,0.594812
302,11124,2025-01-01,0.502346,0.502346,0.505227
303,11124,2025-02-01,0.502346,0.502346,0.536511
304,11124,2025-03-01,0.502346,0.502346,0.443225
305,11124,2025-04-01,0.502346,0.502346,0.504594
306,11124,2025-05-01,0.502346,0.502346,0.442152
307,11124,2025-06-01,0.502346,0.502346,0.485892
308,11124,2025-07-01,0.502346,0.502346,0.419574
309,11124,2025-08-01,0.502346,0.502346,0.481201
310,11124,2025-09-01,0.502346,0.502346,0.61998047
311,11124,2025-10-01,0.502346,0.502346,0.523425
312,11131,2023-11-01,0.5205734013755658,0.6505670573424485,0.710169
313,11131,2023-12-01,0.650408293078251,0.7690285990643366,0.944424
314,11131,2024-01-01,0.7716296154668721,0.8492553213590948,1.268191
315,11131,2024-02-01,0.8401205599294576,0.929690820458593,1.180482
316,11131,2024-03-01,0.8503340246272018,0.6181406596299202,0.8968349999999999
317,11131,2024-04-01,0.8218547386451899,0.45067378540881575,0.68886
318,11131,2024-05-01,0.7815327528150761,0.311558157529668,0.557851
319,11131,2024-06-01,0.7499976596767529,0.2705665974263525,0.578759
320,11131,2024-07-01,0.736075798463071,0.285697290741701,0.38260099999999997
321,11131,2024-08-01,0.7381030489216542,0.27665221538846374,0.399917
322,11131,2024-09-01,0.7488257592641057,0.26500160432781683,0.353252
323,11131,2024-10-01,0.760512408058357,0.27935556759726765,0.492494
324,11131,2024-11-01,0.7681832985107876,0.5200320133497582,0.778377
325,11131,2024-12-01,0.7704519442186717,0.638493711686559,0.996401
326,11131,2025-01-01,0.7686147171490774,0.718720497131669,1.288194
327,11131,2025-02-01,0.7650555087427503,0.7991560216946871,1.363872
328,11131,2025-03-01,0.7618692429988638,0.4876058711334288,0.998668
329,11131,2025-04-01,0.7601561861500473,0.32013900105235704,0.775066
330,11131,2025-05-01,0.7599925867833537,0.1810233748425556,0.505715
331,11131,2025-06-01,0.7608153408717232,0.14003181541235477,0.427276
332,11131,2025-07-01,0.7619019895332112,0.15516250899911688,0.35680100000000003
333,11131,2025-08-01,0.7627189529722082,0.14611743375531916,0.363091
334,11131,2025-09-01,0.763054596200802,0.13446682273880062,0.387
335,11131,2025-10-01,0.7629719890268477,0.14882078602604487,0.56537
336,11132,2023-11-01,0.3569620185874324,0.33113611549946925,0.361083
337,11132,2023-12-01,0.24725223100589125,0.18609000910956824,0.140668
338,11132,2024-01-01,0.14553296896530482,0.19631308229862454,0.124726
339,11132,2024-02-01,0.08134477962077444,0.1840853357983188,0.171664
340,11132,2024-03-01,0.06929368832150609,0.17282035907144194,0.284144
341,11132,2024-04-01,0.10652175641564862,0.1369275680835148,0.214267
342,11132,2024-05-01,0.17573392709472443,0.11942263560204022,0.238641
343,11132,2024-06-01,0.25218251709559103,0.22535820277437993,0.25249
344,11132,2024-07-01,0.3120212976501882,0.17717165132112106,0.261548
345,11132,2024-08-01,0.3393514304074317,0.28694640581531794,0.258759
346,11132,2024-09-01,0.3300067564736044,0.3999762713309686,0.354464
347,11132,2024-10-01,0.29134717721948306,0.43821468443637007,0.436613
348,11132,2024-11-01,0.23861793276793733,0.33114673958110885,0.39176900000000003
349,11132,2024-12-01,0.18939411638489329,0.18609546592302287,0.226012
350,11132,2025-01-01,0.15801581737320208,0.19631588506446243,0.216947
351,11132,2025-02-01,0.1516854529827957,0.18408677537407256,0.251104
352,11132,2025-03-01,0.16919230879116184,0.1728210984761838,0.207619
353,11132,2025-04-01,0.20232084787483134,0.13692794786163404,0.22106299999999998
354,11132,2025-05-01,0.23918674072488935,0.11942283066627458,0.16560999999999998
355,11132,2025-06-01,0.2682598255216087,0.22535830296460574,0.168077
356,11132,2025-07-01,0.2817811164493123,0.1771717027815099,0.201588
357,11132,2025-08-01,0.27762343845111787,0.2869464322467547,0.229469
358,11132,2025-09-01,0.2592304816862803,0.3999762849068639,0.333681
359,11132,2025-10-01,0.23389122523182868,0.43821469140931424,0.420382
360,11133,2023-11-01,1.921857736855521,1.335453768613441,1.586161
361,11133,2023-12-01,2.065894917159259,1.3147627686134413,1.512872
362,11133,2024-01-01,2.121591867078308,1.2841557686134408,1.623061
363,11133,2024-02-01,2.143129016193164,1.3496557686134414,2.170697
364,11133,2024-03-01,2.1514570986585366,1.2143307686134404,2.123467
365,11133,2024-04-01,2.1546774393443053,1.4927657686134417,2.295912
366,11133,2024-05-01,2.155922695281136,2.0794467686134412,2.659118
367,11133,2024-06-01,2.1564042164925605,2.340942768613441,2.62453
368,11133,2024-07-01,2.1565904132977267,1.0778007686134403,2.160873
369,11133,2024-08-01,2.1566624127225316,2.1445347686134415,2.442517
370,11133,2024-09-01,2.156690253786548,1.1867787686134417,2.027069
371,11133,2024-10-01,2.1567010194954084,1.1338407686134415,1.833258
372,11133,2024-11-01,2.1567051824285204,0.9199295372268821,1.871606
373,11133,2024-12-01,2.15670679217037,0.8992385372268825,1.949533
374,11133,2025-01-01,2.156707414632647,0.868631537226882,1.763877
375,11133,2025-02-01,2.156707655329182,0.9341315372268826,2.31099
376,11133,2025-03-01,2.1567077484028094,0.7988065372268816,2.32546
377,11133,2025-04-01,2.156707784392942,1.0772415372268829,3.869427
378,11133,2025-05-01,2.1567077983097693,1.6639225372268824,2.567457
379,11133,2025-06-01,2.1567078036911913,1.9254185372268822,2.782614
380,11133,2025-07-01,2.156707805772104,0.6622765372268815,2.49145
381,11133,2025-08-01,2.156707806576761,1.7290105372268827,2.485575
382,11133,2025-09-01,2.1567078068879093,0.7712545372268829,2.1312510000000002
383,11133,2025-10-01,2.1567078070082255,0.7183165372268827,1.6074599999999999
384,11134,2023-11-01,0.4409831858956538,0.7209945697738613,0.616277
385,11134,2023-12-01,0.48603701748080314,0.7213640584060151,0.692649
386,11134,2024-01-01,0.5229734358992064,0.7402796249607533,0.852248
387,11134,2024-02-01,0.5532549670715532,0.9314578169293422,0.946136
388,11134,2024-03-01,0.5780806315351368,0.746009454588717,0.838427
389,11134,2024-04-01,0.5984334205850267,0.679798802893617,0.818307
390,11134,2024-05-01,0.6151192185710967,0.5651494582016197,0.651858
391,11134,2024-06-01,0.6287987125092236,0.5311506001205282,0.600966
392,11134,2024-07-01,0.6400135524922721,0.406204681346968,0.46441
393,11134,2024-08-01,0.6492077987424812,0.4579444462501803,0.47984099999999996
394,11134,2024-09-01,0.6567455045177988,0.42947501345605893,0.405429
395,11134,2024-10-01,0.6629251310808747,0.3860190341567134,0.47254799999999997
396,11134,2024-11-01,0.6679913655025103,0.7209905477505403,0.534364
397,11134,2024-12-01,0.6721448092345841,0.7213622541505672,0.732972
398,11134,2025-01-01,0.6755499210789615,0.7402788155826215,0.959786
399,11134,2025-02-01,0.6783415290603532,0.9314574538471849,1.0502529999999999
400,11134,2025-03-01,0.680630169045744,0.7460092917122472,0.8972249999999999
401,11134,2025-04-01,0.6825064614971357,0.6797987298282132,0.816941
402,11134,2025-05-01,0.6840446996584986,0.5651494254249194,0.613722
403,11134,2025-06-01,0.6853057912539575,0.5311505854170978,0.519485
404,11134,2025-07-01,0.6863396701760148,0.40620467475109767,0.514902
405,11134,2025-08-01,0.6871872736564624,0.45794444329131256,0.575866
406,11134,2025-09-01,0.6878821632075884,0.4294750121287287,0.56399
407,11134,2025-10-01,0.688451853516091,0.38601903356128103,0.635302
408,11135,2023-11-01,1.1528727877385987,0.917203,1.079899
409,11135,2023-12-01,1.1307070235102152,0.881051,1.083939
410,11135,2024-01-01,1.117458943594013,0.675988,0.785108
411,11135,2024-02-01,1.109540803724902,0.8353700000000001,1.166947
412,11135,2024-03-01,1.1048082734727158,0.46562900000000007,1.157743
413,11135,2024-04-01,1.1019797249805088,0.932805,0.9254100000000001
414,11135,2024-05-01,1.1002891522537799,0.985478,1.441181
415,11135,2024-06-01,1.0992787272417166,1.214326,1.379379
416,11135,2024-07-01,1.0986748143257792,1.383351,1.4532829999999999
417,11135,2024-08-01,1.0983138664022005,1.302578,1.606203
418,11135,2024-09-01,1.0980981342989495,1.314293,1.581333
419,11135,2024-10-01,1.097969195088241,1.189959,1.428463
420,11135,2024-11-01,1.097892130433479,0.917203,1.2726060000000001
421,11135,2024-12-01,1.0978460702708568,0.881051,1.292996
422,11135,2025-01-01,1.0978185409373729,0.675988,0.898578
423,11135,2025-02-01,1.0978020871482645,0.8353700000000001,1.145907
424,11135,2025-03-01,1.0977922530134798,0.46562900000000007,1.100014
425,11135,2025-04-01,1.0977863753274142,0.932805,1.296233
426,11135,2025-05-01,1.0977828623398216,0.985478,1.287163
427,11135,2025-06-01,1.0977807626901144,1.214326,1.676268
428,11135,2025-07-01,1.0977795077671244,1.383351,1.594039
429,11135,2025-08-01,1.0977787577221503,1.302578,1.574678
430,11135,2025-09-01,1.0977783094337152,1.314293,1.649858
431,11135,2025-10-01,1.097778041499754,1.189959,1.101809
432,11136,2023-11-01,0.19891200937309256,0.177199,0.14621
433,11136,2023-12-01,0.16449569811081305,0.130905,0.134094
434,11136,2024-01-01,0.15148681093976704,0.06886199999999999,0.096866
435,11136,2024-02-01,0.16140918418988282,0.122207,0.15905
436,11136,2024-03-01,0.18952294634707112,0.18382,0.25799
437,11136,2024-04-01,0.22666130831742898,0.280301,0.419302
438,11136,2024-05-01,0.26208238496021713,0.284938,0.446529
439,11136,2024-06-01,0.2864818417381267,0.33103699999999997,0.462351
440,11136,2024-07-01,0.29434704544383944,0.330372,0.451708
441,11136,2024-08-01,0.2850839414144393,0.32299700000000003,0.460746
442,11136,2024-09-01,0.26272751011151907,0.266966,0.383581
443,11136,2024-10-01,0.23444221242747093,0.246768,0.20867
444,11136,2024-11-01,0.20832321277516685,0.177199,0.240463
445,11136,2024-12-01,0.19114938198022596,0.130905,0.277624
446,11136,2025-01-01,0.1866926378580755,0.06886199999999999,0.165314
447,11136,2025-02-01,0.19498449457480105,0.122207,0.199081
448,11136,2025-03-01,0.21264849534520527,0.18382,0.24804199999999998
449,11136,2025-04-01,0.23411260680399543,0.280301,0.634858
450,11136,2025-05-01,0.25329756161591443,0.284938,0.42305099999999995
451,11136,2025-06-01,0.26528682840350337,0.33103699999999997,0.445959
452,11136,2025-07-01,0.26753384108950085,0.330372,0.47258
453,11136,2025-08-01,0.2603262095745643,0.32299700000000003,0.367292
454,11136,2025-09-01,0.24645063168790654,0.266966,0.392403
455,11136,2025-10-01,0.2302208443781013,0.246768,0.24544
456,11137,2023-11-01,0.047302848484848475,0.047302848484848475,0.04473
457,11137,2023-12-01,0.047302848484848475,0.047302848484848475,0.032503000000000004
458,11137,2024-01-01,0.047302848484848475,0.047302848484848475,0.023858
459,11137,2024-02-01,0.047302848484848475,0.047302848484848475,0.038984
460,11137,2024-03-01,0.047302848484848475,0.047302848484848475,0.040686
461,11137,2024-04-01,0.047302848484848475,0.047302848484848475,0.034469
462,11137,2024-05-01,0.047302848484848475,0.047302848484848475,0.039377999999999996
463,11137,2024-06-01,0.047302848484848475,0.047302848484848475,0.040952
464,11137,2024-07-01,0.047302848484848475,0.047302848484848475,0.044261
465,11137,2024-08-01,0.047302848484848475,0.047302848484848475,0.043172
466,11137,2024-09-01,0.047302848484848475,0.047302848484848475,0.045313000000000006
467,11137,2024-10-01,0.047302848484848475,0.047302848484848475,0.044708000000000005
468,11137,2024-11-01,0.047302848484848475,0.047302848484848475,0.046471
469,11137,2024-12-01,0.047302848484848475,0.047302848484848475,0.040390999999999996
470,11137,2025-01-01,0.047302848484848475,0.047302848484848475,0.023767
471,11137,2025-02-01,0.047302848484848475,0.047302848484848475,0.04275
472,11137,2025-03-01,0.047302848484848475,0.047302848484848475,0.033812999999999996
473,11137,2025-04-01,0.047302848484848475,0.047302848484848475,0.039426
474,11137,2025-05-01,0.047302848484848475,0.047302848484848475,0.033769
475,11137,2025-06-01,0.047302848484848475,0.047302848484848475,0.044354
476,11137,2025-07-01,0.047302848484848475,0.047302848484848475,0.047836000000000004
477,11137,2025-08-01,0.047302848484848475,0.047302848484848475,0.051122
478,11137,2025-09-01,0.047302848484848475,0.047302848484848475,0.049723
479,11137,2025-10-01,0.047302848484848475,0.047302848484848475,0.048520999999999995
480,11138,2023-11-01,0.20868799999999998,0.20868799999999998,0.296571
481,11138,2023-12-01,0.20868799999999998,0.20868799999999998,0.215115
482,11138,2024-01-01,0.20868799999999998,0.20868799999999998,0.183572
483,11138,2024-02-01,0.20868799999999998,0.20868799999999998,0.27453099999999997
484,11138,2024-03-01,0.20868799999999998,0.20868799999999998,0.259845
485,11138,2024-04-01,0.20868799999999998,0.20868799999999998,0.222517
486,11138,2024-05-01,0.20868799999999998,0.20868799999999998,0.238927
487,11138,2024-06-01,0.20868799999999998,0.20868799999999998,0.231597
488,11138,2024-07-01,0.20868799999999998,0.20868799999999998,0.2344
489,11138,2024-08-01,0.20868799999999998,0.20868799999999998,0.238514
490,11138,2024-09-01,0.20868799999999998,0.20868799999999998,0.21431899999999998
491,11138,2024-10-01,0.20868799999999998,0.20868799999999998,0.192305
492,11138,2024-11-01,0.20868799999999998,0.20868799999999998,0.19506700000000002
493,11138,2024-12-01,0.20868799999999998,0.20868799999999998,0.21989399999999998
494,11138,2025-01-01,0.20868799999999998,0.20868799999999998,0.181504
495,11138,2025-02-01,0.20868799999999998,0.20868799999999998,0.25971700000000003
496,11138,2025-03-01,0.20868799999999998,0.20868799999999998,0.253203
497,11138,2025-04-01,0.20868799999999998,0.20868799999999998,0.685083
498,11138,2025-05-01,0.20868799999999998,0.20868799999999998,0.244061
499,11138,2025-06-01,0.20868799999999998,0.20868799999999998,0.248151
500,11138,2025-07-01,0.20868799999999998,0.20868799999999998,0.244216
501,11138,2025-08-01,0.20868799999999998,0.20868799999999998,0.239422
502,11138,2025-09-01,0.20868799999999998,0.20868799999999998,0.241536
503,11138,2025-10-01,0.20868799999999998,0.20868799999999998,0.202034
504,11139,2023-11-01,1.277248,1.2789932627059424,1.361651
505,11139,2023-12-01,1.277248,1.2181613624547079,1.2188590000000001
506,11139,2024-01-01,1.277248,1.0970080037330814,1.353334
507,11139,2024-02-01,1.277248,1.4780509703033087,1.7270860000000001
508,11139,2024-03-01,1.277248,1.5097112532490353,1.649568
509,11139,2024-04-01,1.277248,1.8254086350159513,1.7240090000000001
510,11139,2024-05-01,1.277248,1.565516218876021,1.709616
511,11139,2024-06-01,1.277248,1.6992264096991847,1.5252860000000001
512,11139,2024-07-01,1.277248,1.5657110505171474,1.370083
513,11139,2024-08-01,1.277248,1.52179243339524,1.555735
514,11139,2024-09-01,1.277248,1.4908773122308558,1.480102
515,11139,2024-10-01,1.277248,1.2675675053682305,1.286491
516,11139,2024-11-01,1.277248,1.2708164689512835,1.296156
517,11139,2024-12-01,1.277248,1.2112310855769013,1.466474
518,11139,2025-01-01,1.277248,1.0911466116874555,1.370973
519,11139,2025-02-01,1.277248,1.4730871204021345,1.669715
520,11139,2025-03-01,1.277248,1.5055109063641139,1.696045
521,11139,2025-04-01,1.277248,1.8218525747337686,1.81777
522,11139,2025-05-01,1.277248,1.562506551517926,1.525789
523,11139,2025-06-01,1.277248,1.69667869281231,1.634974
524,11139,2025-07-01,1.277248,1.56355463578784,1.773474
525,11139,2025-08-01,1.277248,1.5199670869139148,1.763112
526,11139,2025-09-01,1.277248,1.4893322762626866,1.7021709999999999
527,11139,2025-10-01,1.277248,1.2662596970555322,1.426115
528,11211,2023-11-01,0.9218853442805219,0.9218853442805219,1.047083
529,11211,2023-12-01,0.8856232303428044,0.8856232303428044,1.087408
530,11211,2024-01-01,0.872597133560697,0.872597133560697,1.062071
531,11211,2024-02-01,0.8679178918135593,0.8679178918135593,1.088412
532,11211,2024-03-01,0.8662370119848273,0.8662370119848273,1.071109
533,11211,2024-04-01,0.865633205395786,0.865633205395786,0.990924
534,11211,2024-05-01,0.8654163056562939,0.8654163056562939,1.013426
535,11211,2024-06-01,0.8653383908109683,0.8653383908109683,0.944304
536,11211,2024-07-01,0.8653104021967988,0.8653104021967988,0.901732
537,11211,2024-08-01,0.8653003481112153,0.8653003481112153,1.005107
538,11211,2024-09-01,0.8652967364769875,0.8652967364769875,1.176025
539,11211,2024-10-01,0.865295439103727,0.865295439103727,1.072201
540,11211,2024-11-01,0.8652949730605812,0.8652949730605812,1.04533
541,11211,2024-12-01,0.8652948056483025,0.8652948056483025,1.250986
542,11211,2025-01-01,0.8652947455103706,0.8652947455103706,1.414805
543,11211,2025-02-01,0.865294723907589,0.865294723907589,1.430569
544,11211,2025-03-01,0.8652947161474258,0.8652947161474258,1.1563890000000001
545,11211,2025-04-01,0.8652947133598157,0.8652947133598157,1.654911
546,11211,2025-05-01,0.8652947123584488,0.8652947123584488,1.153257
547,11211,2025-06-01,0.8652947119987372,0.8652947119987372,1.220467
548,11211,2025-07-01,0.8652947118695214,0.8652947118695214,1.1295
549,11211,2025-08-01,0.8652947118231045,0.8652947118231045,1.193351
550,11211,2025-09-01,0.8652947118064306,0.8652947118064306,1.4259789999999999
551,11211,2025-10-01,0.8652947118004409,0.8652947118004409,1.36663
552,11212,2023-11-01,1.8897149466810783,1.853056,1.969964
553,11212,2023-12-01,1.7696459643069253,1.671322,1.857459
554,11212,2024-01-01,1.7356801357182083,1.577534,1.880987
555,11212,2024-02-01,1.7356801357182083,1.610432,1.845613
556,11212,2024-03-01,1.7356801357182083,1.948504,1.805653
557,11212,2024-04-01,1.7356801357182083,1.786972,2.091881
558,11212,2024-05-01,1.7356801357182083,1.619271,2.126974
559,11212,2024-06-01,1.7356801357182083,1.6731,2.152663
560,11212,2024-07-01,1.7356801357182083,1.67491,2.1515560000000002
561,11212,2024-08-01,1.7356801357182083,1.7597880000000001,2.24172
562,11212,2024-09-01,1.7356801357182083,1.96333,2.402796
563,11212,2024-10-01,1.7356801357182083,1.97313,2.327597
564,11212,2024-11-01,1.7356801357182083,1.853056,2.485153
565,11212,2024-12-01,1.7356801357182083,1.671322,2.397388
566,11212,2025-01-01,1.7356801357182083,1.577534,2.274203
567,11212,2025-02-01,1.7356801357182083,1.610432,2.116794
568,11212,2025-03-01,1.7356801357182083,1.948504,1.958885
569,11212,2025-04-01,1.7356801357182083,1.786972,4.0762540000000005
570,11212,2025-05-01,1.7356801357182083,1.619271,2.201201
571,11212,2025-06-01,1.7356801357182083,1.6731,2.220221
572,11212,2025-07-01,1.7356801357182083,1.67491,2.1390190000000002
573,11212,2025-08-01,1.7356801357182083,1.7597880000000001,2.392885
574,11212,2025-09-01,1.7356801357182083,1.96333,2.600565
575,11212,2025-10-01,1.7356801357182083,1.97313,2.517008
576,11213,2023-11-01,0.5027781201021699,0.5027781201021699,0.499483
577,11213,2023-12-01,0.5027781201021699,0.5027781201021699,0.511555
578,11213,2024-01-01,0.5027781201021699,0.5027781201021699,0.435455
579,11213,2024-02-01,0.5027781201021699,0.5027781201021699,0.495614
580,11213,2024-03-01,0.5027781201021699,0.5027781201021699,0.603356
581,11213,2024-04-01,0.5027781201021699,0.5027781201021699,0.802233
582,11213,2024-05-01,0.5027781201021699,0.5027781201021699,0.779503
583,11213,2024-06-01,0.5027781201021699,0.5027781201021699,0.810527
584,11213,2024-07-01,0.5027781201021699,0.5027781201021699,0.751579
585,11213,2024-08-01,0.5027781201021699,0.5027781201021699,0.832379
586,11213,2024-09-01,0.5027781201021699,0.5027781201021699,0.8155939999999999
587,11213,2024-10-01,0.5027781201021699,0.5027781201021699,0.847229
588,11213,2024-11-01,0.5027781201021699,0.5027781201021699,0.859932
589,11213,2024-12-01,0.5027781201021699,0.5027781201021699,0.967701
590,11213,2025-01-01,0.5027781201021699,0.5027781201021699,0.798365
591,11213,2025-02-01,0.5027781201021699,0.5027781201021699,0.823561
592,11213,2025-03-01,0.5027781201021699,0.5027781201021699,0.664356
593,11213,2025-04-01,0.5027781201021699,0.5027781201021699,1.727429
594,11213,2025-05-01,0.5027781201021699,0.5027781201021699,0.668684
595,11213,2025-06-01,0.5027781201021699,0.5027781201021699,-1.511191
596,11213,2025-07-01,0.5027781201021699,0.5027781201021699,0.856755
597,11213,2025-08-01,0.5027781201021699,0.5027781201021699,1.094072
598,11213,2025-09-01,0.5027781201021699,0.5027781201021699,0.875727
599,11213,2025-10-01,0.5027781201021699,0.5027781201021699,0.934513
600,11214,2023-11-01,1.333601391842599,1.333601391842599,1.7478500000000001
601,11214,2023-12-01,1.4459961774487144,1.4459961774487144,1.6664530000000002
602,11214,2024-01-01,1.4094176818230444,1.4094176818230444,1.765725
603,11214,2024-02-01,1.4081501048631493,1.4081501048631493,1.692388
604,11214,2024-03-01,1.4204300939852073,1.4204300939852073,1.596022
605,11214,2024-04-01,1.4097522053239218,1.4097522053239218,1.4974560000000001
606,11214,2024-05-01,1.4156334380242095,1.4156334380242095,1.324144
607,11214,2024-06-01,1.413586001080203,1.413586001080203,1.3843649999999998
608,11214,2024-07-01,1.4136398711024976,1.4136398711024976,1.307942
609,11214,2024-08-01,1.4142147689717988,1.4142147689717988,1.2915569999999998
610,11214,2024-09-01,1.4136804021410736,1.4136804021410736,1.362152
611,11214,2024-10-01,1.4139867956022838,1.4139867956022838,1.23818
612,11214,2024-11-01,1.4138734570353626,1.4138734570353626,1.315654
613,11214,2024-12-01,1.4138822762121874,1.4138822762121874,1.162827
614,11214,2025-01-01,1.4139088413811705,1.4139088413811705,1.340869
615,11214,2025-02-01,1.4138822216647828,1.4138822216647828,1.481163
616,11214,2025-03-01,1.4138981161936497,1.4138981161936497,1.182663
617,11214,2025-04-01,1.4138919013086877,1.4138919013086877,1.441442
618,11214,2025-05-01,1.4138926609177391,1.4138926609177391,1.2021000000000002
619,11214,2025-06-01,1.4138938689327138,1.4138938689327138,1.2662769999999999
620,11214,2025-07-01,1.413892549255051,1.413892549255051,1.30556
621,11214,2025-08-01,1.4138933704066814,1.4138933704066814,1.402519
622,11214,2025-09-01,1.4138930324109558,1.4138930324109558,1.413039
623,11214,2025-10-01,1.4138930868977566,1.4138930868977566,1.325811
624,11215,2023-11-01,0.53215,0.584024605111441,0.513487
625,11215,2023-12-01,0.53215,0.4132536096086342,0.37862599999999996
626,11215,2024-01-01,0.53215,0.45804466420223383,0.402242
627,11215,2024-02-01,0.53215,0.4504289100119481,0.487812
628,11215,2024-03-01,0.53215,0.368450908081307,0.437402
629,11215,2024-04-01,0.53215,0.45752272187236254,0.479616
630,11215,2024-05-01,0.53215,0.39088526252304406,0.541208
631,11215,2024-06-01,0.53215,0.5241039435538191,0.565275
632,11215,2024-07-01,0.53215,0.597162402974164,0.63253
633,11215,2024-08-01,0.53215,0.5674365907053256,0.6499360000000001
634,11215,2024-09-01,0.53215,0.5245999291586583,0.55028
635,11215,2024-10-01,0.53215,0.53518356600749,0.564101
636,11215,2024-11-01,0.53215,0.5863275795527818,0.521718
637,11215,2024-12-01,0.53215,0.41500194515313,0.472797
638,11215,2025-01-01,0.53215,0.4593719378016611,0.417677
639,11215,2025-02-01,0.53215,0.45143652849415694,0.44423999999999997
640,11215,2025-03-01,0.53215,0.36921585587061506,0.395549
641,11215,2025-04-01,0.53215,0.45810344278082044,3.652506
642,11215,2025-05-01,0.53215,0.3913261249952727,0.515629
643,11215,2025-06-01,0.53215,0.524438630520637,0.554791
644,11215,2025-07-01,0.53215,0.5974164853078032,0.578051
645,11215,2025-08-01,0.53215,0.5676294808942723,0.606054
646,11215,2025-09-01,0.53215,0.5247463644674774,0.540209
647,11215,2025-10-01,0.53215,0.5352947344385337,0.533631
648,11216,2023-11-01,0.022616326575676388,0.02227252380952381,0.027323
649,11216,2023-12-01,0.021472896230496728,0.01969552380952381,0.024819
650,11216,2024-01-01,0.02086554309485402,0.019687523809523814,0.026521
651,11216,2024-02-01,0.020542936796245536,0.01808052380952381,0.025879
652,11216,2024-03-01,0.020371578787544826,0.014217523809523808,0.024702
653,11216,2024-04-01,0.020280558967806252,0.014568523809523809,0.021432
654,11216,2024-05-01,0.020232212189922577,0.011168523809523812,0.021102
655,11216,2024-06-01,0.020206531948647136,0.007518523809523812,0.022372
656,11216,2024-07-01,0.020192891436893665,0.015622523809523812,0.020938
657,11216,2024-08-01,0.020185646039200516,0.014818523809523811,0.016947
658,11216,2024-09-01,0.02018179751880182,0.01115452380952381,0.017374
659,11216,2024-10-01,0.020179753309513875,0.02251252380952381,0.015545
660,11216,2024-11-01,0.020178667491802128,0.02001604761904762,0.020138
661,11216,2024-12-01,0.020178090740629883,0.01743904761904762,0.021623
662,11216,2025-01-01,0.020177784389102282,0.017431047619047624,0.022402
663,11216,2025-02-01,0.02017762166510105,0.015824047619047623,0.028876
664,11216,2025-03-01,0.020177535231386212,0.011961047619047621,0.016508
665,11216,2025-04-01,0.020177489320598596,0.01231204761904762,0.01666
666,11216,2025-05-01,0.02017746493427639,0.008912047619047623,0.013798
667,11216,2025-06-01,0.020177451981052506,0.005262047619047623,0.017532
668,11216,2025-07-01,0.020177445100719848,0.013366047619047621,0.013976
669,11216,2025-08-01,0.020177441446110164,0.012562047619047622,0.015897
670,11216,2025-09-01,0.02017743950489996,0.008898047619047621,0.016448
671,11216,2025-10-01,0.020177438473792025,0.02025604761904762,0.018768
672,11217,2023-11-01,0.6024608787878786,0.6024608787878786,0.71201
673,11217,2023-12-01,0.6024608787878786,0.6024608787878786,0.618385
674,11217,2024-01-01,0.6024608787878786,0.6024608787878786,0.639012
675,11217,2024-02-01,0.6024608787878786,0.6024608787878786,0.770525
676,11217,2024-03-01,0.6024608787878786,0.6024608787878786,0.653829
677,11217,2024-04-01,0.6024608787878786,0.6024608787878786,0.681401
678,11217,2024-05-01,0.6024608787878786,0.6024608787878786,0.730544
679,11217,2024-06-01,0.6024608787878786,0.6024608787878786,0.76142
680,11217,2024-07-01,0.6024608787878786,0.6024608787878786,0.7693329999999999
681,11217,2024-08-01,0.6024608787878786,0.6024608787878786,0.755662
682,11217,2024-09-01,0.6024608787878786,0.6024608787878786,0.762633
683,11217,2024-10-01,0.6024608787878786,0.6024608787878786,0.7137910000000001
684,11217,2024-11-01,0.6024608787878786,0.6024608787878786,0.718842
685,11217,2024-12-01,0.6024608787878786,0.6024608787878786,0.731177
686,11217,2025-01-01,0.6024608787878786,0.6024608787878786,0.707044
687,11217,2025-02-01,0.6024608787878786,0.6024608787878786,0.783591
688,11217,2025-03-01,0.6024608787878786,0.6024608787878786,0.602158
689,11217,2025-04-01,0.6024608787878786,0.6024608787878786,0.705735
690,11217,2025-05-01,0.6024608787878786,0.6024608787878786,0.738387
691,11217,2025-06-01,0.6024608787878786,0.6024608787878786,1.35419
692,11217,2025-07-01,0.6024608787878786,0.6024608787878786,0.725099
693,11217,2025-08-01,0.6024608787878786,0.6024608787878786,0.7541800000000001
694,11217,2025-09-01,0.6024608787878786,0.6024608787878786,0.866102
695,11217,2025-10-01,0.6024608787878786,0.6024608787878786,0.7238020000000001
696,11221,2023-11-01,2.3652805020339143,2.3652805020339143,2.646382
697,11221,2023-12-01,2.339711129254779,2.339711129254779,2.291664
698,11221,2024-01-01,2.314141756475644,2.314141756475644,2.3454099999999998
699,11221,2024-02-01,2.2885723836965086,2.2885723836965086,3.0964519999999998
700,11221,2024-03-01,2.263003010917373,2.263003010917373,2.492509
701,11221,2024-04-01,2.237433638138238,2.237433638138238,2.669573
702,11221,2024-05-01,2.211864265359103,2.211864265359103,2.702987
703,11221,2024-06-01,2.1862948925799675,2.1862948925799675,2.733142
704,11221,2024-07-01,2.160725519800832,2.160725519800832,2.5867430000000002
705,11221,2024-08-01,2.135156147021697,2.135156147021697,2.821064
706,11221,2024-09-01,2.109586774242562,2.109586774242562,2.799832
707,11221,2024-10-01,2.0840174014634263,2.0840174014634263,2.777805
708,11221,2024-11-01,2.058448028684291,2.058448028684291,2.917336
709,11221,2024-12-01,2.032878655905156,2.032878655905156,2.85923
710,11221,2025-01-01,2.0073092831260206,2.0073092831260206,2.88437
711,11221,2025-02-01,1.9817399103468853,1.9817399103468853,3.090735
712,11221,2025-03-01,1.95617053756775,1.95617053756775,2.785189
713,11221,2025-04-01,1.9306011647886148,1.9306011647886148,9.817787
714,11221,2025-05-01,1.9050317920094795,1.9050317920094795,2.8114529999999998
715,11221,2025-06-01,1.8794624192303442,1.8794624192303442,3.014287
716,11221,2025-07-01,1.853893046451209,1.853893046451209,2.862768
717,11221,2025-08-01,1.8283236736720736,1.8283236736720736,2.9687390000000002
718,11221,2025-09-01,1.8027543008929383,1.8027543008929383,3.166076
719,11221,2025-10-01,1.777184928113803,1.777184928113803,3.048482
720,11222,2023-11-01,2.478362148052309,2.1422537682588154,2.30984
721,11222,2023-12-01,2.5108302321358265,2.065367768258816,2.448637
722,11222,2024-01-01,2.4981768525816634,1.717374768258816,3.251811
723,11222,2024-02-01,2.5031080956365312,1.793939768258816,2.693912
724,11222,2024-03-01,2.5011863040738826,1.600513768258815,2.545112
725,11222,2024-04-01,2.5019352598177336,2.075187768258816,2.7115769999999997
726,11222,2024-05-01,2.501643378680804,1.7125727682588159,2.765197
727,11222,2024-06-01,2.5017571298587535,2.077275768258816,2.842359
728,11222,2024-07-01,2.501712799037581,2.341068768258816,2.688551
729,11222,2024-08-01,2.5017300755330094,2.263527768258816,2.854324
730,11222,2024-09-01,2.5017233425809366,2.0597537682588154,2.8572759999999997
731,11222,2024-10-01,2.501725966529978,2.2735287682588163,2.673133
732,11222,2024-11-01,2.501724943931199,1.8541085365176313,2.809488
733,11222,2024-12-01,2.501725342455807,1.7772225365176317,2.559722
734,11222,2025-01-01,2.5017251871438053,1.429229536517632,2.87126
735,11222,2025-02-01,2.5017252476716054,1.505794536517632,2.793174
736,11222,2025-03-01,2.5017252240828642,1.312368536517631,2.503839
737,11222,2025-04-01,2.501725233275809,1.7870425365176317,12.193243
738,11222,2025-05-01,2.501725229693158,1.4244275365176318,2.896306
739,11222,2025-06-01,2.5017252310893796,1.7891305365176318,2.9614920000000002
740,11222,2025-07-01,2.5017252305452478,2.052923536517632,2.918835
741,11222,2025-08-01,2.5017252307573057,1.9753825365176318,2.851098
742,11222,2025-09-01,2.501725230674663,1.7716085365176313,2.890055
743,11222,2025-10-01,2.50172523070687,1.9853835365176322,2.846233
744,11223,2023-11-01,0.03809319564374787,0.04209847955173022,0.042832999999999996
745,11223,2023-12-01,0.03589670839979165,0.045233803985120905,0.043783
746,11223,2024-01-01,0.03453951522420182,0.035903390830121826,0.042094
747,11223,2024-02-01,0.033700915627989304,0.034254757329261094,0.046724
748,11223,2024-03-01,0.03318275115780461,0.029684365232031888,0.035547
749,11223,2024-04-01,0.03286258117516401,0.03298692834447551,0.037392
750,11223,2024-05-01,0.03266475051775218,0.022273851213962713,0.02841
751,11223,2024-06-01,0.03254251242194691,0.023822758028186054,0.029481
752,11223,2024-07-01,0.03246698240925027,0.028488368256295037,0.03231
753,11223,2024-08-01,0.03242031297464912,0.027957967148106763,0.032050999999999996
754,11223,2024-09-01,0.03239147627717973,0.035816395273544396,0.034242999999999996
755,11223,2024-10-01,0.03237365829570969,0.04165241410184299,0.068538
756,11223,2024-11-01,0.03236264869712428,0.042100800416556984,0.069675
757,11223,2024-12-01,0.03235584594782209,0.04523502425908279,0.070692
758,11223,2025-01-01,0.03235164257948768,0.03590403243084104,0.07449599999999999
759,11223,2025-02-01,0.03234904534937234,0.03425509467275588,0.084496
760,11223,2025-03-01,0.03234744054014904,0.029684542601897703,0.064483
761,11223,2025-04-01,0.032346448940433634,0.0329870216027413,0.17532899999999998
762,11223,2025-05-01,0.03234583623832468,0.022273900247681593,0.04829
763,11223,2025-06-01,0.032345457654236284,0.023822783809338714,0.044105
764,11223,2025-07-01,0.03234522372993621,0.028488381811616715,0.050787
765,11223,2025-08-01,0.032345079189846325,0.027957974275280177,0.055866
766,11223,2025-09-01,0.032344989879596914,0.03581639902089928,0.070708
767,11223,2025-10-01,0.03234493469545626,0.041652416072142824,0.078405
768,11224,2023-11-01,2.557482197995453,2.3011892427841953,2.717557
769,11224,2023-12-01,2.5988827009802575,2.3088530435981176,2.430667
770,11224,2024-01-01,2.6244288986933735,2.2340170435981186,2.568856
771,11224,2024-02-01,2.6401921906958195,2.1544800435981175,2.804519
772,11224,2024-03-01,2.64991893663057,1.9433170435981189,2.524443
773,11224,2024-04-01,2.6559208292850043,2.253422043598119,2.904873
774,11224,2024-05-01,2.659624299662148,2.1496480435981185,2.829914
775,11224,2024-06-01,2.661909527610077,2.6151850435981183,3.0646240000000002
776,11224,2024-07-01,2.663319628472831,2.6261170435981183,3.015513
777,11224,2024-08-01,2.66418973180101,2.606256043598118,2.932022
778,11224,2024-09-01,2.664726629424226,2.3694710435981183,2.818
779,11224,2024-10-01,2.6650579223275854,2.331338043598118,2.715834
780,11224,2024-11-01,2.6652623467524115,2.1421392863823137,2.6708760000000002
781,11224,2024-12-01,2.665388486929402,2.149803087196236,2.5513339999999998
782,11224,2025-01-01,2.665466321778465,2.074967087196237,2.7206639999999997
783,11224,2025-02-01,2.6655143498046914,1.9954300871962358,2.762116
784,11224,2025-03-01,2.6655439855183976,1.7842670871962372,2.5332320000000004
785,11224,2025-04-01,2.665562272247957,2.0943720871962372,21.634422
786,11224,2025-05-01,2.6655735560820935,1.9905980871962368,4.820885
787,11224,2025-06-01,2.6655805187766752,2.4561350871962366,3.043147
788,11224,2025-07-01,2.6655848151102846,2.4670670871962366,2.937634
789,11224,2025-08-01,2.665587466164738,2.4472060871962364,2.995109
790,11224,2025-09-01,2.6655891019989992,2.2104210871962366,2.758378
791,11224,2025-10-01,2.6655901113912157,2.1722880871962365,2.699112
792,11225,2023-11-01,2.887966164608999,2.887966164608999,3.076021
793,11225,2023-12-01,2.824313607368882,2.824313607368882,2.91656
794,11225,2024-01-01,2.7894144395429143,2.7894144395429143,2.902649
795,11225,2024-02-01,2.7702800643072023,2.7702800643072023,3.0206720000000002
796,11225,2024-03-01,2.7597891460856907,2.7597891460856907,2.883756
797,11225,2024-04-01,2.754037227678393,2.754037227678393,1.075888
798,11225,2024-05-01,2.7508835890105807,2.7508835890105807,5.4716569999999995
799,11225,2024-06-01,2.7491545246979676,2.7491545246979676,3.3955260000000003
800,11225,2024-07-01,2.7482065202776558,2.7482065202776558,1.739278
801,11225,2024-08-01,2.7476867522306407,2.7476867522306407,2.623101
802,11225,2024-09-01,2.7474017758983478,2.7474017758983478,3.159326
803,11225,2024-10-01,2.747245530222159,2.747245530222159,3.200512
804,11225,2024-11-01,2.747159864471845,2.747159864471845,3.2984099999999996
805,11225,2024-12-01,2.747112895999143,2.747112895999143,3.1116020000000004
806,11225,2025-01-01,2.7470871443140195,2.7470871443140195,3.045183
807,11225,2025-02-01,2.7470730252837727,2.7470730252837727,3.521074
808,11225,2025-03-01,2.747065284158711,2.747065284158711,3.311577
809,11225,2025-04-01,2.747061039885827,2.747061039885827,34.88283
810,11225,2025-05-01,2.747058712852977,2.747058712852977,3.176665
811,11225,2025-06-01,2.747057436996774,2.747057436996774,3.287624
812,11225,2025-07-01,2.747056737475472,2.747056737475472,2.794978
813,11225,2025-08-01,2.747056353944749,2.747056353944749,3.090636
814,11225,2025-09-01,2.7470561436640675,2.7470561436640675,3.044312
815,11225,2025-10-01,2.7470560283722225,2.7470560283722225,2.881313
816,11226,2023-11-01,1.756336272003329,1.756336272003329,2.0605510000000002
817,11226,2023-12-01,1.7591289315441088,1.7591289315441088,1.709141
818,11226,2024-01-01,1.7591289315441088,1.7591289315441088,1.8890939999999998
819,11226,2024-02-01,1.7591289315441088,1.7591289315441088,1.6530399999999998
820,11226,2024-03-01,1.7591289315441088,1.7591289315441088,1.836278
821,11226,2024-04-01,1.7591289315441088,1.7591289315441088,1.943911
822,11226,2024-05-01,1.7591289315441088,1.7591289315441088,2.0080210000000003
823,11226,2024-06-01,1.7591289315441088,1.7591289315441088,2.019365
824,11226,2024-07-01,1.7591289315441088,1.7591289315441088,2.089288
825,11226,2024-08-01,1.7591289315441088,1.7591289315441088,2.2057800000000003
826,11226,2024-09-01,1.7591289315441088,1.7591289315441088,2.134212
827,11226,2024-10-01,1.7591289315441088,1.7591289315441088,2.200709
828,11226,2024-11-01,1.7591289315441088,1.7591289315441088,2.284872
829,11226,2024-12-01,1.7591289315441088,1.7591289315441088,2.383664
830,11226,2025-01-01,1.7591289315441088,1.7591289315441088,2.250978
831,11226,2025-02-01,1.7591289315441088,1.7591289315441088,2.375252
832,11226,2025-03-01,1.7591289315441088,1.7591289315441088,1.97276
833,11226,2025-04-01,1.7591289315441088,1.7591289315441088,23.742943
834,11226,2025-05-01,1.7591289315441088,1.7591289315441088,1.7157620000000002
835,11226,2025-06-01,1.7591289315441088,1.7591289315441088,2.148758
836,11226,2025-07-01,1.7591289315441088,1.7591289315441088,2.0307570000000004
837,11226,2025-08-01,1.7591289315441088,1.7591289315441088,2.066052
838,11226,2025-09-01,1.7591289315441088,1.7591289315441088,1.9436410000000002
839,11226,2025-10-01,1.7591289315441088,1.7591289315441088,1.917314
840,11300,2023-11-01,0.8483103486226583,1.102485523809524,0.9474090000000001
841,11300,2023-12-01,0.8658469913629641,0.6065185238095239,0.846399
842,11300,2024-01-01,0.8658469913629641,0.7722055238095238,1.000014
843,11300,2024-02-01,0.8658469913629641,0.8556325238095238,1.008241
844,11300,2024-03-01,0.8658469913629641,0.6534905238095238,1.181831
845,11300,2024-04-01,0.8658469913629641,0.6172795238095239,0.884447
846,11300,2024-05-01,0.8658469913629641,0.3537275238095239,0.697821
847,11300,2024-06-01,0.8658469913629641,0.5309445238095238,1.330638
848,11300,2024-07-01,0.8658469913629641,0.6548875238095239,1.032706
849,11300,2024-08-01,0.8658469913629641,0.6652135238095238,1.068907
850,11300,2024-09-01,0.8658469913629641,0.9110005238095238,1.202513
851,11300,2024-10-01,0.8658469913629641,0.8715295238095239,1.172492
852,11300,2024-11-01,0.8658469913629641,1.0254450476190478,0.964899
853,11300,2024-12-01,0.8658469913629641,0.5294780476190477,0.992224
854,11300,2025-01-01,0.8658469913629641,0.6951650476190476,1.127135
855,11300,2025-02-01,0.8658469913629641,0.7785920476190477,1.191102
856,11300,2025-03-01,0.8658469913629641,0.5764500476190476,0.7893479999999999
857,11300,2025-04-01,0.8658469913629641,0.5402390476190477,0.8421730000000001
858,11300,2025-05-01,0.8658469913629641,0.2766870476190477,0.5414439999999999
859,11300,2025-06-01,0.8658469913629641,0.4539040476190477,0.37046226100000007
860,11300,2025-07-01,0.8658469913629641,0.5778470476190477,0.853171974
861,11300,2025-08-01,0.8658469913629641,0.5881730476190477,1.059118412
862,11300,2025-09-01,0.8658469913629641,0.8339600476190476,1.227099261
863,11300,2025-10-01,0.8658469913629641,0.7944890476190477,1.249610837
864,11400,2023-11-01,1.29216168848507,1.0453479188823966,1.6066639999999999
865,11400,2023-12-01,1.2477159952402928,0.8277139188823968,1.506992
866,11400,2024-01-01,1.2477159952402928,0.9848689188823967,1.6815989999999998
867,11400,2024-02-01,1.2477159952402928,1.4234439188823964,1.735309
868,11400,2024-03-01,1.2477159952402928,0.7505919188823968,1.617038
869,11400,2024-04-01,1.2477159952402928,0.9703479188823962,1.357982
870,11400,2024-05-01,1.2477159952402928,0.7441169188823966,1.652956
871,11400,2024-06-01,1.2477159952402928,0.7750799188823969,1.557976
872,11400,2024-07-01,1.2477159952402928,0.7934969188823964,1.5062710000000001
873,11400,2024-08-01,1.2477159952402928,1.0909709188823966,1.607959
874,11400,2024-09-01,1.2477159952402928,1.074965918882397,1.7672759999999998
875,11400,2024-10-01,1.2477159952402928,1.1830559188823966,1.669981
876,11400,2024-11-01,1.2477159952402928,0.8370818377647933,1.60569
877,11400,2024-12-01,1.2477159952402928,0.6194478377647934,1.752486
878,11400,2025-01-01,1.2477159952402928,0.7766028377647933,2.106847
879,11400,2025-02-01,1.2477159952402928,1.215177837764793,1.720558
880,11400,2025-03-01,1.2477159952402928,0.5423258377647935,1.409475
881,11400,2025-04-01,1.2477159952402928,0.7620818377647929,3.03033
882,11400,2025-05-01,1.2477159952402928,0.5358508377647933,1.307749
883,11400,2025-06-01,1.2477159952402928,0.5668138377647935,1.256212261
884,11400,2025-07-01,1.2477159952402928,0.585230837764793,1.4783529739999999
885,11400,2025-08-01,1.2477159952402928,0.8827048377647932,1.657703412
886,11400,2025-09-01,1.2477159952402928,0.8666998377647936,1.861536261
887,11400,2025-10-01,1.2477159952402928,0.9747898377647932,1.637018262
888,11510,2023-11-01,2.9747109083595573,2.8333264029801484,3.074558
889,11510,2023-12-01,2.8719166542248553,2.7458887230895184,3.095584
890,11510,2024-01-01,2.804006703841099,2.5700297187921097,2.752715
891,11510,2024-02-01,2.7591427043895247,2.3756835398207086,2.85009
892,11510,2024-03-01,2.729503771723299,2.2792484540009403,2.937926
893,11510,2024-04-01,2.7099231204141963,2.5611010498925944,3.422508
894,11510,2024-05-01,2.6969873676323304,2.224906415060063,2.950405
895,11510,2024-06-01,2.6884414976614086,2.4219432475202347,3.167791
896,11510,2024-07-01,2.682795757920442,2.775967613103779,3.253131
897,11510,2024-08-01,2.6790659589261687,3.1094001925529366,3.326434
898,11510,2024-09-01,2.676601906175608,3.0092856584941345,3.455998
899,11510,2024-10-01,2.6749740554611674,3.2526475656817517,3.294442
900,11510,2024-11-01,2.673898632888375,2.955659327869576,3.517519
901,11510,2024-12-01,2.673188166197657,2.868224113158735,3.960209
902,11510,2025-01-01,2.672718803798736,2.6923640315106563,3.7386690000000002
903,11510,2025-02-01,2.672408724432034,2.4980183233708235,3.36301
904,11510,2025-03-01,2.6722038737369727,2.4015830317848437,3.061248
905,11510,2025-04-01,2.672068541264795,2.6834357176019332,3.488052
906,11510,2025-05-01,2.671979135280499,2.347241043469539,3.139427
907,11510,2025-06-01,2.6719200701507537,2.5442778931048204,3.48477
908,11510,2025-07-01,2.6718810493896794,2.898302251182374,3.578
909,11510,2025-08-01,2.6718552707314185,3.231734833911854,3.443396
910,11510,2025-09-01,2.6718382403300778,3.131620298419462,3.508723
911,11510,2025-10-01,2.671826989373302,3.374982206233597,3.313529
912,11520,2023-11-01,0.8031218516092231,0.8031218516092231,0.825192
913,11520,2023-12-01,0.8031218516092231,0.8031218516092231,0.779026
914,11520,2024-01-01,0.8031218516092231,0.8031218516092231,0.798688
915,11520,2024-02-01,0.8031218516092231,0.8031218516092231,0.712656
916,11520,2024-03-01,0.8031218516092231,0.8031218516092231,0.836864
917,11520,2024-04-01,0.8031218516092231,0.8031218516092231,0.85099
918,11520,2024-05-01,0.8031218516092231,0.8031218516092231,0.847989
919,11520,2024-06-01,0.8031218516092231,0.8031218516092231,0.88413
920,11520,2024-07-01,0.8031218516092231,0.8031218516092231,0.869602
921,11520,2024-08-01,0.8031218516092231,0.8031218516092231,0.782416
922,11520,2024-09-01,0.8031218516092231,0.8031218516092231,0.792983
923,11520,2024-10-01,0.8031218516092231,0.8031218516092231,0.747148
924,11520,2024-11-01,0.8031218516092231,0.8031218516092231,0.723962
925,11520,2024-12-01,0.8031218516092231,0.8031218516092231,0.811009
926,11520,2025-01-01,0.8031218516092231,0.8031218516092231,0.733935
927,11520,2025-02-01,0.8031218516092231,0.8031218516092231,0.676468
928,11520,2025-03-01,0.8031218516092231,0.8031218516092231,0.690997
929,11520,2025-04-01,0.8031218516092231,0.8031218516092231,1.297857
930,11520,2025-05-01,0.8031218516092231,0.8031218516092231,0.661626
931,11520,2025-06-01,0.8031218516092231,0.8031218516092231,0.72572
932,11520,2025-07-01,0.8031218516092231,0.8031218516092231,0.714488
933,11520,2025-08-01,0.8031218516092231,0.8031218516092231,0.680766
934,11520,2025-09-01,0.8031218516092231,0.8031218516092231,0.709844
935,11520,2025-10-01,0.8031218516092231,0.8031218516092231,0.691464
936,11600,2023-11-01,0.06753923160749556,0.086603,0.128631
937,11600,2023-12-01,0.0794654735465045,0.081774,0.13146
938,11600,2024-01-01,0.08562585859267144,0.045889,0.074707
939,11600,2024-02-01,0.08880794596865427,0.150428,0.098112
940,11600,2024-03-01,0.09045162245843627,0.09155100000000001,0.081283
941,11600,2024-04-01,0.09130064766857138,0.126463,0.085033
942,11600,2024-05-01,0.09173920343786426,0.065037,0.07463600000000001
943,11600,2024-06-01,0.09196573518331086,0.084814,0.076683
944,11600,2024-07-01,0.09208274796774606,0.093399,0.073385
945,11600,2024-08-01,0.09214318979100702,0.083034,0.083014
946,11600,2024-09-01,0.09217441043084344,0.12131900000000001,0.116798
947,11600,2024-10-01,0.0921905371507074,0.130567,0.148589
948,11600,2024-11-01,0.09219886725204204,0.086603,0.181145
949,11600,2024-12-01,0.09220317008540377,0.081774,0.199599
950,11600,2025-01-01,0.0922053926724042,0.045889,0.08957299999999999
951,11600,2025-02-01,0.09220654072824537,0.150428,0.127631
952,11600,2025-03-01,0.09220713374539799,0.09155100000000001,0.081382
953,11600,2025-04-01,0.09220744006267864,0.126463,0.415865
954,11600,2025-05-01,0.09220759828791042,0.065037,0.06473
955,11600,2025-06-01,0.09220768001762518,0.084814,0.109185
956,11600,2025-07-01,0.09220772223431968,0.093399,0.126993
957,11600,2025-08-01,0.09220774404094535,0.083034,0.16677099999999997
958,11600,2025-09-01,0.09220775530494715,0.12131900000000001,0.177121
959,11600,2025-10-01,0.09220776112325846,0.130567,0.14207899999999998
960,12100,2023-11-01,1.0645994606391846,1.0721181690772528,1.1089470000000001
961,12100,2023-12-01,1.054582724686211,0.9706551690772529,0.97724
962,12100,2024-01-01,1.0511805625296669,0.8442201690772528,0.909821
963,12100,2024-02-01,1.0500250256967343,0.9670161690772525,1.0758940000000001
964,12100,2024-03-01,1.0496325501735746,0.8576831690772528,1.074395
965,12100,2024-04-01,1.0494992467323605,0.9791061690772531,1.111609
966,12100,2024-05-01,1.0494539705141228,0.8471161690772526,1.140495
967,12100,2024-06-01,1.0494385925469885,1.051272169077253,1.222422
968,12100,2024-07-01,1.0494333694545483,1.0920771690772528,1.179188
969,12100,2024-08-01,1.0494315954427822,1.084074169077253,1.233017
970,12100,2024-09-01,1.0494309929036192,1.0121191690772529,1.150607
971,12100,2024-10-01,1.0494307882525287,1.0387871690772528,1.112555
972,12100,2024-11-01,1.0494307187432395,1.0168143381545056,1.083607
973,12100,2024-12-01,1.0494306951345636,0.9153513381545058,1.026068
974,12100,2025-01-01,1.0494306871159291,0.7889163381545057,1.024581
975,12100,2025-02-01,1.0494306843924177,0.9117123381545054,1.068787
976,12100,2025-03-01,1.049430683467383,0.8023793381545057,1.024616
977,12100,2025-04-01,1.049430683153197,0.923802338154506,1.37909
978,12100,2025-05-01,1.0494306830464846,0.7918123381545055,1.039701
979,12100,2025-06-01,1.0494306830102398,0.9959683381545059,1.213975343
980,12100,2025-07-01,1.0494306829979294,1.0367733381545057,1.166563343
981,12100,2025-08-01,1.049430682993748,1.028770338154506,1.2927934939999999
982,12100,2025-09-01,1.0494306829923281,0.9568153381545057,1.242597343
983,12100,2025-10-01,1.0494306829918456,0.9834833381545056,1.108449631
984,12200,2023-11-01,0.6994604019324986,0.5438927961806883,0.742102
985,12200,2023-12-01,0.7214948324821018,0.5292161132266813,0.617459
986,12200,2024-01-01,0.7104562601283765,0.3166011132266815,0.491105
987,12200,2024-02-01,0.7159862455452505,0.6022071132266813,0.703373
988,12200,2024-03-01,0.7132158928464689,0.5383861132266814,0.7080069999999999
989,12200,2024-04-01,0.714603754386253,0.5659001132266812,0.845005
990,12200,2024-05-01,0.7139084784185182,0.4818171132266814,0.869854
991,12200,2024-06-01,0.7142567903051527,0.5753531132266814,0.9607209999999999
992,12200,2024-07-01,0.7140822967572654,0.6823361132266812,1.011402
993,12200,2024-08-01,0.7141697126607205,0.6527691132266814,0.9875
994,12200,2024-09-01,0.7141259199803068,0.48442011322668144,0.925498
995,12200,2024-10-01,0.7141478587669807,0.5722171132266813,0.896816
996,12200,2024-11-01,0.7141368681092686,0.37266590940736966,0.889948
997,12200,2024-12-01,0.714142374090923,0.3579892264533626,0.7664
998,12200,2025-01-01,0.7141396157633713,0.14537422645336284,0.602138
999,12200,2025-02-01,0.714140997600682,0.43098022645336265,0.786675
1000,12200,2025-03-01,0.7141403053426678,0.36715922645336274,0.729671
1001,12200,2025-04-01,0.7141406521426524,0.39467322645336256,1.20296
1002,12200,2025-05-01,0.714140478406521,0.31059022645336276,0.850253
1003,12200,2025-06-01,0.7141405654429821,0.4041262264533627,1.417689
1004,12200,2025-07-01,0.7141405218403907,0.5111092264533625,0.966248
1005,12200,2025-08-01,0.7141405436839486,0.48154222645336275,0.957248
1006,12200,2025-09-01,0.7141405327409975,0.3131932264533628,0.896968
1007,12200,2025-10-01,0.7141405382230797,0.4009902264533627,0.842284
1008,13100,2023-11-01,0.013618000000000002,0.017332664624810458,0.011605
1009,13100,2023-12-01,0.013618000000000002,0.01696760242394853,0.014412
1010,13100,2024-01-01,0.013618000000000002,0.008328606051433398,0.021213
1011,13100,2024-02-01,0.013618000000000002,0.016438329082981283,0.015969999999999998
1012,13100,2024-03-01,0.013618000000000002,0.012768597790468895,0.018431000000000003
1013,13100,2024-04-01,0.013618000000000002,0.008439538469990746,0.01778
1014,13100,2024-05-01,0.013618000000000002,0.010826272900942851,0.010679
1015,13100,2024-06-01,0.013618000000000002,0.014819009576598851,0.015623
1016,13100,2024-07-01,0.013618000000000002,0.011413410637062922,0.012501
1017,13100,2024-08-01,0.013618000000000002,0.010748150862039967,0.012756
1018,13100,2024-09-01,0.013618000000000002,0.008515610456335032,0.01113
1019,13100,2024-10-01,0.013618000000000002,0.013631661038057104,0.033636
1020,13100,2024-11-01,0.013618000000000002,0.01734218117851065,0.019237
1021,13100,2024-12-01,0.013618000000000002,0.01697423184654073,0.014717
1022,13100,2025-01-01,0.013618000000000002,0.00833322424046385,0.019484
1023,13100,2025-02-01,0.013618000000000002,0.016441546206286423,0.016082
1024,13100,2025-03-01,0.013618000000000002,0.012770838903228082,0.017272
1025,13100,2025-04-01,0.013618000000000002,0.008441099674185614,0.011163000000000001
1026,13100,2025-05-01,0.013618000000000002,0.010827360467165514,0.009102
1027,13100,2025-06-01,0.013618000000000002,0.014819767197089858,0.010945
1028,13100,2025-07-01,0.013618000000000002,0.011413938410725282,0.011571
1029,13100,2025-08-01,0.013618000000000002,0.010748518519781524,0.010449
1030,13100,2025-09-01,0.013618000000000002,0.008515866574107795,0.008609
1031,13100,2025-10-01,0.013618000000000002,0.01363183945484563,0.014612
1032,13200,2023-11-01,0.4134172199588839,0.358944761904762,0.448441
1033,13200,2023-12-01,0.41038572942186746,0.32087176190476197,0.400615
1034,13200,2024-01-01,0.41153186097265365,0.30464276190476197,0.504408
1035,13200,2024-02-01,0.4110985369969831,0.29328876190476194,0.404455
1036,13200,2024-03-01,0.411262366068578,0.24529776190476196,0.398525
1037,13200,2024-04-01,0.4112004263509381,0.37772576190476187,0.49769599999999997
1038,13200,2024-05-01,0.4112238442253359,0.2906587619047619,0.512123
1039,13200,2024-06-01,0.4112149905065557,0.38620576190476186,0.590602
1040,13200,2024-07-01,0.4112183378785207,0.4800437619047619,0.609573
1041,13200,2024-08-01,0.4112170723200192,0.4001607619047619,0.564471
1042,13200,2024-09-01,0.41121755079636946,0.3668527619047619,0.538837
1043,13200,2024-10-01,0.4112173698963024,0.34564476190476195,0.522143
1044,13200,2024-11-01,0.41121743829014096,0.29919052380952393,0.5077470000000001
1045,13200,2024-12-01,0.4112174124321232,0.26111752380952385,0.532382
1046,13200,2025-01-01,0.4112174222083998,0.24488852380952392,0.497061
1047,13200,2025-02-01,0.41121741851223154,0.23353452380952386,0.499162
1048,13200,2025-03-01,0.41121741990966126,0.18554352380952388,0.415966
1049,13200,2025-04-01,0.41121741938132766,0.3179715238095238,0.571581
1050,13200,2025-05-01,0.41121741958107755,0.23090452380952387,0.538927
1051,13200,2025-06-01,0.41121741950555707,0.3264515238095238,0.210625
1052,13200,2025-07-01,0.4112174195341095,0.42028952380952384,0.680367
1053,13200,2025-08-01,0.41121741952331453,0.3404065238095238,0.625405
1054,13200,2025-09-01,0.4112174195273958,0.30709852380952385,0.591029
1055,13200,2025-10-01,0.4112174195258528,0.2858905238095239,0.559347
1056,25190,2023-11-01,0.024462283556065056,0.02533584554671922,0.050491999999999995
1057,96330,2023-11-01,0.3772036016039061,0.37028890476190474,0.356236
1058,96330,2023-12-01,0.3795690530128961,0.34625390476190476,0.34189200000000003
1059,96330,2024-01-01,0.3795690530128961,0.3335909047619048,0.414746
1060,96330,2024-02-01,0.3795690530128961,0.31412190476190477,0.351924
1061,96330,2024-03-01,0.3795690530128961,0.2865459047619048,0.329511
1062,96330,2024-04-01,0.3795690530128961,0.36615190476190473,0.402523
1063,96330,2024-05-01,0.3795690530128961,0.32210390476190476,0.36847399999999997
1064,96330,2024-06-01,0.3795690530128961,0.34051590476190474,0.399001
1065,96330,2024-07-01,0.3795690530128961,0.38863490476190476,0.435046
1066,96330,2024-08-01,0.3795690530128961,0.3800419047619048,0.414604
1067,96330,2024-09-01,0.3795690530128961,0.32345690476190475,0.394858
1068,96330,2024-10-01,0.3795690530128961,0.3386639047619048,0.400563
1069,96330,2024-11-01,0.3795690530128961,0.3516448095238095,0.372098
1070,96330,2024-12-01,0.3795690530128961,0.3276098095238095,0.39365100000000003
1071,96330,2025-01-01,0.3795690530128961,0.3149468095238096,0.422013
1072,96330,2025-02-01,0.3795690530128961,0.29547780952380953,0.38781
1073,96330,2025-03-01,0.3795690530128961,0.2679018095238096,0.355329
1074,96330,2025-04-01,0.3795690530128961,0.3475078095238095,0.531193
1075,96330,2025-05-01,0.3795690530128961,0.3034598095238095,0.385247
1076,96330,2025-06-01,0.3795690530128961,0.32187180952380956,0.390887
1077,96330,2025-07-01,0.3795690530128961,0.3699908095238095,0.415074
1078,96330,2025-08-01,0.3795690530128961,0.36139780952380957,0.434779
1079,96330,2025-09-01,0.3795690530128961,0.3048128095238095,0.385909
1080,96330,2025-10-01,0.3795690530128961,0.3200198095238096,0.385565
